,numero1,numero2,res_suma,res_resta,res_mult,res_div
0,5,2,7,3,10,2.5
1,3,7,10,-4,21,0.42857142857142855
2,7,5,12,2,35,1.4
3,6,2,8,4,12,3.0
4,2,3,5,-1,6,0.6666666666666666
